rsid,chrom,pos,effect_allele,other_allele,eaf,beta,se,pval,F,n,variant,beta_outcome,se_outcome,p_outcome,eaf_outcome_aligned,outcome_effect_allele_raw,outcome_other_allele_raw,flip_outcome,strand_action
rs3742829,14,73489268,T,C,0.195435,-0.00578064,0.00118252,1.01984e-06,23.896530888087195,48638,14:73489268:C:T,0.0063,0.0296,0.8326,0.1985,T,C,False,same
rs17273402,16,13561674,T,A,0.0163596,0.0180308,0.0037143,1.21102e-06,23.56546618742629,48638,16:13561674:A:T,0.0131,0.1134,0.9079,0.01629999999999998,A,T,True,same
rs72644445,4,67442659,G,A,0.0462396,0.0108116,0.00224092,1.40692e-06,23.27701218210441,48638,4:67442659:A:G,-0.0097,0.0709,0.8912,0.05010000000000003,A,G,True,same
rs3906777,13,80610306,C,T,0.444562,-0.00457618,0.000951132,1.50402e-06,23.148593611188517,48638,13:80610306:C:T,0.003,0.0275,0.9143,0.45289999999999997,T,C,True,same
rs148053581,6,11933531,G,C,0.0150807,0.0205387,0.00427104,1.52265e-06,23.12483407202833,48638,6:11933531:C:G,-0.1627,0.1652,0.3247,0.012299999999999978,C,G,True,same
rs41306215,1,201852688,G,A,0.0339755,0.0123184,0.00259547,2.07941e-06,22.52561088820623,48638,1:201852688:A:G,-0.1927,0.0962,0.0452,0.03090000000000004,A,G,True,same
rs11631969,15,69060925,G,C,0.102007,-0.00732577,0.00157101,3.12318e-06,21.744461651869013,48638,15:69060925:G:C,-0.0216,0.0504,0.6675,0.1079,C,G,True,same
rs7932644,11,97485630,T,C,0.392303,0.00447669,0.000961342,3.22155e-06,21.68493925826241,48638,11:97485630:C:T,-0.0127,0.028,0.6496,0.3814,T,C,False,same
rs147736861,16,30348252,A,G,0.0315198,0.0129149,0.00289113,7.94695e-06,19.95477591340451,48638,16:30348252:G:A,0.1682,0.0782,0.03151,0.0354,A,G,False,same
rs111993773,3,32237459,A,G,0.0363343,0.011239,0.0025216,8.32669e-06,19.865657829299018,48638,3:32237459:G:A,-0.1412,0.0746,0.05846,0.0426,A,G,False,same
rs17301663,5,81164301,T,C,0.0247337,0.013518,0.00304104,8.80069e-06,19.759712389036174,48638,5:81164301:C:T,-0.0473,0.0956,0.6209,0.0251,T,C,False,same
rs988032,4,189666512,G,A,0.129487,0.00622185,0.00139996,8.83717e-06,19.751851835868703,48638,4:189666512:G:A,0.0056,0.0427,0.8958,0.12390000000000001,A,G,True,same
rs139241345,2,52182645,G,A,0.0140797,0.0185748,0.00418956,9.28767e-06,19.656738658428505,48638,2:52182645:A:G,-0.1617,0.1155,0.1613,0.02080000000000004,A,G,True,same
rs73153010,22,18535522,A,G,0.0153451,0.0171856,0.00387667,9.30921e-06,19.65222517395016,48638,22:18535522:G:A,-0.008,0.1409,0.955,0.0135,A,G,False,same
rs143564340,4,39444129,T,C,0.0423067,0.0103835,0.0023452,9.55051e-06,19.603235779198982,48638,4:39444129:C:T,-0.0189,0.066,0.7752,0.0369,T,C,False,same
rs1257368,2,134854362,T,G,0.0273532,-0.0131433,0.00296959,9.62205e-06,19.58916199505545,48638,2:134854362:G:T,-0.2066,0.1056,0.0505,0.0254,T,G,False,same
