rsid,chrom,pos,effect_allele,other_allele,eaf,beta,se,pval,F,n,variant,beta_outcome,se_outcome,eaf_outcome_aligned,flip_outcome,strand_action
rs11707566,3,8718745,A,G,0.0872966,0.0163956,0.00303812,6.82899e-08,29.123581480627784,39503,3:8718745:G:A,-0.0676,0.0503,0.0841,False,same
rs115713804,1,81559438,T,A,0.0179028,0.0304613,0.00633776,1.54301e-06,23.100707933392258,39503,1:81559438:A:T,0.0911,0.0899,0.024599999999999955,True,same
rs5767992,22,48188253,T,C,0.127937,-0.0117018,0.00251329,3.23469e-06,21.67804611365805,39503,22:48188253:T:C,0.0217,0.0386,0.1254,False,same
rs2815556,10,27974248,G,A,0.0140938,0.0335158,0.00722171,3.47889e-06,21.53868035366479,39503,10:27974248:A:G,-0.1253,0.1161,0.01529999999999998,True,same
rs113912338,4,38962563,T,C,0.052029,0.0174988,0.00378631,3.8201e-06,21.35916142524896,39503,4:38962563:C:T,-0.0642,0.061,0.0521,False,same
rs118118095,8,87933975,C,T,0.0228643,0.026527,0.00581031,4.99775e-06,20.843836916218624,39503,8:87933975:T:C,-0.1399,0.087,0.029000000000000026,True,same
rs11645116,16,26270961,G,A,0.0151065,0.0318005,0.00697619,5.16891e-06,20.779318328397565,39503,16:26270961:A:G,0.0894,0.0977,0.018900000000000028,True,same
rs150804886,7,38398135,G,T,0.0179143,0.0294281,0.00646701,5.36797e-06,20.70700943138755,39503,7:38398135:T:G,-0.0773,0.1026,0.020399999999999974,True,same
rs12932661,16,25658719,A,G,0.087345,0.0134844,0.00298312,6.19484e-06,20.43251405077005,39503,16:25658719:G:A,-0.0295,0.044,0.092,False,same
rs79851893,2,1379427,A,G,0.0870187,0.0133452,0.00296887,6.97566e-06,20.205416685097564,39503,2:1379427:G:A,0.0481,0.0485,0.0835,False,same
rs9935658,16,84052651,C,A,0.055249,-0.016422,0.00366276,7.363e-06,20.10181029432885,39503,16:84052651:A:C,0.0983,0.0559,0.059599999999999986,True,same
rs12757858,1,186774893,C,T,0.193172,-0.00952561,0.00212927,7.71093e-06,20.01354963599317,39503,1:186774893:T:C,0.0099,0.0324,0.1956,True,same
rs67001072,1,244977407,C,A,0.17663,0.0103187,0.0023084,7.84223e-06,19.981488671811064,39503,1:244977407:A:C,-0.0232,0.0418,0.17910000000000004,True,same
rs112707229,18,156976,A,G,0.0503435,-0.0171861,0.00386821,8.8994e-06,19.739428844003644,39503,18:156976:G:A,0.0335,0.0754,0.0462,False,same
rs16944713,15,62389478,T,C,0.164302,0.010034,0.00226039,9.06091e-06,19.705226844105685,39503,15:62389478:C:T,-0.0136,0.0304,0.152,False,same
