left_out,beta,se,p
rs11707566,-1.4568587845517154,0.9062009013452584,0.10791066872893554
rs115713804,-2.113422736999967,0.9094035732771046,0.020127330971722795
rs5767992,-1.6571228016315998,0.9009102947283739,0.06585826569476397
rs2815556,-1.5319249665183343,0.8977944436532614,0.08794844350870068
rs113912338,-1.5384013651695296,0.8974167382681716,0.08648185577996242
rs118118095,-1.3987059208324681,0.9013001735202524,0.12069194623603245
rs11645116,-2.060670640630984,0.9060882179614554,0.022950991977279518
rs150804886,-1.607484393460238,0.897408033886232,0.07325278316971859
rs12932661,-1.6313506825313473,0.9016485354361002,0.07040475560044862
rs79851893,-1.990774585843411,0.8950485051217374,0.02613441245904452
rs9935658,-1.3699272423677418,0.8988699542632975,0.12749497416229325
rs12757858,-1.7149259447986052,0.8989181334605346,0.05642139611174777
rs67001072,-1.642953129995071,0.8897986678655969,0.06482943984222755
rs112707229,-1.6594458113731099,0.8866501355902213,0.06126330358120854
rs16944713,-1.699099782465187,0.9072056920378369,0.06108307183891279
