"variant","minor_allele","minor_AF","expected_case_minor_AC","low_confidence_variant","n_complete_samples","AC","ytx","beta","se","tstat","pval","F","chrom","pos","other_allele","effect_allele","eaf","n","rsid","beta_outcome","se_outcome","p_outcome","eaf_outcome_aligned","outcome_effect_allele_raw","outcome_other_allele_raw","flip_outcome","strand_complement","palindromic","egger_reoriented"
"3:8719935:T:C","C",0.0770804,357.807,"False",39403,6074.4,428.094,0.0164753,0.00318705,5.16945,2.35924e-07,26.7232275032627,3,8719935,"T","C",0.0770804253483237,39403,"rs77486558",-0.0762,0.0537,0.1557,0.0741000000000001,"T","C","True","False",FALSE,FALSE
"4:38963796:T:C","C",0.0519733,241.26,"False",39403,4095.81,300.392,0.0180069,0.00371344,4.84911,1.24488e-06,23.5139225365759,4,38963796,"T","C",0.0519733269040428,39403,"rs111403188",-0.0594,0.0611,0.3306,0.052,"T","C","True","False",FALSE,FALSE
"18:40735531:G:A","A",0.371418,1724.12,"False",39403,29270,1803,0.00822089,0.00170196,4.83025,1.36875e-06,23.3313020642263,18,40735531,"G","A",0.371418419917265,39403,"rs62092069",0.0426,0.021,0.04234,0.3656,"A","G","False","False",FALSE,FALSE
"1:81593311:T:C","C",0.0179555,83.3494,"False",39403,1415,121,0.0297557,0.00616877,4.8236,1.41518e-06,23.2671498452256,1,81593311,"T","C",0.0179554856229221,39403,"rs115983373",0.0929,0.0916,0.3104,0.0236,"T","C","True","False",FALSE,FALSE
"1:216055666:T:C","C",0.0421282,195.559,"False",39403,3319.95,246.388,0.0193398,0.00414288,4.6682,3.04843e-06,21.7921083313161,1,216055666,"T","C",0.042128137451463,39403,"rs116651502",0.1005,0.0538,0.06187,0.037,"T","C","True","False",FALSE,FALSE
"16:26270961:A:G","G",0.0151068,70.126,"False",39403,1190.51,103.286,0.0318431,0.00685038,4.64837,3.35655e-06,21.6073424618263,16,26270961,"A","G",0.0151068446564982,39403,"rs11645116",0.0894,0.0977,0.3605,0.0189,"A","G","True","False",FALSE,FALSE
"22:27901804:A:G","A",0.374871,1740.15,"False",39403,49263.9,2634.24,0.00787231,0.00170998,-4.60374,4.16268e-06,21.1944579284377,22,27901804,"G","A",0.374871202700302,39403,"rs738565",-0.0196,0.0224,0.3822,0.3887,"A","G","True","False",FALSE,TRUE
"6:158625279:T:C","T",0.290963,1350.65,"False",39403,55876.3,3017.05,0.00840302,0.00183612,-4.57651,4.74232e-06,20.9444360972508,6,158625279,"C","T",0.290963885998528,39403,"rs618422",-0.0405,0.0243,0.09597,0.2925,"T","C","True","False",FALSE,TRUE
"1:186774893:T:C","C",0.193181,896.745,"False",39403,15223.8,742.69,0.00952836,0.00209074,-4.55741,5.19426e-06,20.7699885962383,1,186774893,"C","T",0.806819277719971,39403,"rs12757858",-0.0099,0.0324,0.7595,0.8044,"T","C","True","False",FALSE,TRUE
"5:117431695:G:T","T",0.077499,359.75,"False",39403,6107.38,422.404,0.0140931,0.00309443,4.55435,5.27041e-06,20.7420530854454,5,117431695,"G","T",0.0774989214019237,39403,"rs9327068",-0.029,0.047,0.5379,0.0787,"T","G","False","False",FALSE,FALSE
"8:87933975:T:C","C",0.0228486,106.063,"False",39403,1800.6,143.365,0.0259323,0.00571071,4.541,5.61549e-06,20.6206267533623,8,87933975,"T","C",0.0228485140725325,39403,"rs118118095",-0.1399,0.087,0.1076,0.029,"T","C","True","False",FALSE,FALSE
"4:31643736:T:C","C",0.0103165,47.8891,"False",39403,813,76,0.0369747,0.00815399,4.53455,5.78967e-06,20.5621711139364,4,31643736,"T","C",0.0103164733649722,39403,"rs114080414",0.1769,0.1604,0.27,0.00890000000000002,"T","C","True","False",FALSE,FALSE
"21:21979587:T:C","C",0.0224207,104.077,"False",39403,1766.88,59.7882,0.0268928,0.00599045,-4.48928,7.16657e-06,20.1536238631622,21,21979587,"C","T",0.977579372129026,39403,"rs148960874",0.109,0.1039,0.2942,0.9775,"T","C","True","False",FALSE,TRUE
"10:8382503:A:G","A",0.161781,750.985,"False",39403,66056.7,3618.97,0.0100598,0.00224599,-4.47902,7.5197e-06,20.0614840353082,10,8382503,"G","A",0.161780828870898,39403,"rs2388712",-0.0112,0.0366,0.7605,0.1482,"A","G","True","False",FALSE,TRUE
"2:152046881:C:G","G",0.0355126,164.85,"False",39403,2798.61,208.184,0.0206814,0.00466147,4.43666,9.16114e-06,19.6840328750194,2,152046881,"C","G",0.0355126513209654,39403,"rs71415126",0.0082,0.0746,0.9122,0.036,"C","G","True","False",TRUE,FALSE
"5:40221364:G:A","A",0.244116,1133.19,"False",39403,19237.8,1206.49,0.0084702,0.00191555,4.42181,9.8138e-06,19.5524122378682,5,40221364,"G","A",0.244115930259117,39403,"rs350070",5e-04,0.0251,0.9846,0.233,"A","G","False","False",FALSE,FALSE
