SNP	P
rs2220809	5.11751e-07
rs2343699	5.39052e-07
rs12448922	6.07172e-07
rs1826601	6.15482e-07
rs72782884	1.02217e-06
rs2209559	1.03149e-06
rs12925025	1.19851e-06
rs11645817	1.22542e-06
rs150844709	1.25956e-06
rs1389520	1.31379e-06
rs749754	1.33086e-06
rs1366545	1.41949e-06
rs2199533	1.50457e-06
rs3125918	1.51212e-06
rs3118386	1.51566e-06
rs2225019	1.52525e-06
rs4265468	1.66949e-06
rs1826602	1.66958e-06
rs1925953	1.71305e-06
rs7205081	1.71441e-06
rs4076000	1.71905e-06
rs11860106	1.9547e-06
rs11860094	1.9656e-06
rs12927898	1.96913e-06
rs72779763	2.10525e-06
rs9436818	2.14726e-06
rs1493890	2.24396e-06
rs1493889	2.29661e-06
rs72743118	2.29943e-06
rs3753932	2.46448e-06
rs34958839	2.54129e-06
rs3844124	2.56825e-06
rs7500233	2.72186e-06
rs76156183	2.75402e-06
rs2343701	2.76339e-06
rs7099914	2.81173e-06
rs1366541	2.94274e-06
rs4887907	3.10018e-06
rs3118379	3.16875e-06
rs2199534	3.17524e-06
rs28621713	3.18222e-06
rs661798	3.24232e-06
rs6438841	3.29432e-06
rs8052580	3.40246e-06
rs4980001	3.44295e-06
rs7260167	3.68565e-06
rs28463639	3.73915e-06
rs6480901	3.82126e-06
rs2956235	4.46613e-06
rs1826603	4.76901e-06
rs142021196	5.08257e-06
rs11894144	5.10596e-06
rs28597971	5.15244e-06
rs3910297	5.25297e-06
rs79831620	5.26854e-06
rs7074393	5.32071e-06
rs7324899	5.3814e-06
rs11646638	5.417e-06
rs6480900	5.75001e-06
rs78385138	5.78597e-06
rs79743049	5.83184e-06
rs370867684	5.83234e-06
rs4980000	5.86485e-06
rs3889719	6.19107e-06
rs74794217	6.26697e-06
rs118052815	6.48473e-06
rs66666893	6.48871e-06
rs4888630	6.49352e-06
rs10887542	6.54756e-06
rs8091858	6.7397e-06
rs7204308	6.87552e-06
rs76668645	7.38792e-06
rs181808870	7.42036e-06
rs61287898	7.53825e-06
rs626904	7.54528e-06
rs56875625	7.55799e-06
rs76945374	7.62333e-06
rs2111598	7.68968e-06
rs12483767	7.70189e-06
rs9907572	7.75127e-06
rs74279208	7.81477e-06
rs11677254	7.86471e-06
rs3125927	8.32131e-06
rs79763964	8.54657e-06
rs4734222	8.58159e-06
rs1927200	8.9111e-06
rs117970643	9.0975e-06
rs7185964	9.12297e-06
rs12000663	9.14874e-06
rs7199469	9.1585e-06
rs4996511	9.1986e-06
rs4996510	9.23374e-06
rs1185801	9.38379e-06
rs671316	9.67296e-06
rs12153134	9.72018e-06
rs2479090	9.82393e-06
