rsid,palindromic,status,flip_outcome,strand_complement,frequency_difference
rs7824279,True,absent_outcome,,,
rs148053581,True,retained,True,False,0.0027765510855026227
rs117913360,False,retained,True,False,0.0033241382858318486
rs11631969,True,retained,False,False,0.005896707480193442
rs3742829,False,retained,False,False,0.003014867784751518
rs78672911,True,absent_outcome,,,
rs72644445,False,retained,True,False,0.0038812532153514323
rs4240518,False,retained,False,False,0.01505103405700181
rs139241345,False,retained,True,False,0.00671079329149094
rs62004099,False,absent_outcome,,,
rs35375791,False,retained,False,False,0.0026413417018212003
rs34260773,True,absent_outcome,,,
rs17868163,False,retained,False,False,0.006055201152382006
rs76265414,False,retained,True,False,0.002515855540693425
rs149074715,True,retained,True,False,0.00326486264018944
rs41306215,False,retained,True,False,0.0030541105051959602
rs143564340,False,retained,False,False,0.0054133038378434
rs12935169,False,absent_outcome,,,
rs7932644,False,retained,False,False,0.010858462804815283
rs17301663,False,retained,False,False,0.00036494495318449907
rs1410076,True,retained,False,False,0.008530671879823037
rs140630410,False,absent_outcome,,,
rs141638975,False,retained,True,False,0.0007870562815104464
rs111993773,False,retained,False,False,0.0062748636691018
rs1452458,False,retained,True,False,0.02606260932194665
rs80042705,False,retained,False,False,0.001982282127790898
rs2158723,False,retained,False,False,0.023679678979318775
