variant,minor_allele,minor_AF,expected_case_minor_AC,low_confidence_variant,n_complete_samples,AC,ytx,beta,se,tstat,pval,F,chrom,pos,other_allele,effect_allele,eaf,n,rsid,beta_outcome,se_outcome,p_outcome,eaf_outcome_aligned,outcome_effect_allele_raw,outcome_other_allele_raw,flip_outcome,strand_complement,palindromic
16:84956325:C:G,G,0.0302186,2421.12,False,39403,2381.41,2331.01,-0.0115527,0.00214457,-5.38693,7.20805e-08,29.01927370064972,16,84956325,C,G,0.0302186381747582,39403,rs62048706,0.0534,0.0698,0.4441,0.036900000000000044,C,G,True,False,True
4:166665166:A:G,G,0.0203663,1631.75,False,39403,1604.99,1567.93,-0.0136605,0.00262998,-5.19415,2.0668e-07,26.97915228585476,4,166665166,A,G,0.0203663426642641,39403,rs34035672,-0.1545,0.0986,0.1171,0.020000000000000018,A,G,True,False,False
1:34620023:A:G,G,0.0604142,4840.38,False,39403,4761.0,4676.0,-0.00780569,0.00151565,-5.15005,2.61671e-07,26.52312861191256,1,34620023,A,G,0.0604141816612948,39403,rs12048192,0.0564,0.0518,0.2768,0.06140000000000001,A,G,True,False,False
20:20152929:A:G,A,0.479953,38453.8,False,39403,40982.9,40626.8,0.00363197,0.00072445,5.01342,5.37021e-07,25.13435076812647,20,20152929,A,G,0.5200479658909221,39403,rs6081904,0.0223,0.0211,0.2915,0.5175000000000001,A,G,True,False,False
15:59249551:G:A,A,0.113873,9123.48,False,39403,8973.85,8835.84,-0.00559059,0.00114176,-4.89647,9.79609e-07,23.97538769329289,15,59249551,G,A,0.1138726746694414,39403,rs8037652,-0.0038,0.0389,0.9219,0.1152,A,G,False,False,False
13:30166886:A:G,G,0.0391683,3138.16,False,39403,3086.69,3027.93,-0.00916854,0.00187578,-4.88786,1.0234e-06,23.89112310361958,13,30166886,A,G,0.0391682105423444,39403,rs34978805,-0.0118,0.0633,0.8523,0.04139999999999999,A,G,True,False,False
8:4546365:T:C,C,0.0162702,1303.57,False,39403,1282.19,1252.02,-0.0140575,0.00292444,-4.80691,1.53844e-06,23.10631839321087,8,4546365,T,C,0.0162702078521939,39403,rs76301949,0.1683,0.11,0.1259,0.016700000000000048,T,C,True,False,False
2:221805021:A:G,G,0.210328,16851.5,False,39403,16575.1,16348.2,-0.00417064,0.000893159,-4.66954,3.02877e-06,21.80458627796204,2,221805021,A,G,0.2103278938151917,39403,rs34835617,-0.0695,0.0313,0.02653,0.21330000000000005,A,G,True,False,False
1:42419205:C:T,T,0.0132858,1064.46,False,39403,1047.0,1021.0,-0.014749,0.00316078,-4.66625,3.07753e-06,21.77391954804351,1,42419205,C,T,0.013285790422049,39403,rs116630457,-0.0471,0.1247,0.7055,0.0159,T,C,False,False,False
20:33342864:T:C,C,0.0187354,1501.08,False,39403,1476.46,1444.41,-0.0132644,0.00287618,-4.61179,4.00468e-06,21.268805311307773,20,33342864,T,C,0.0187353754790244,39403,rs139387420,-0.175,0.1031,0.08967,0.022199999999999998,T,C,True,False,False
5:124531933:A:T,T,0.168735,13519.0,False,39403,13297.3,13110.5,-0.00451912,0.000980646,-4.60831,4.07221e-06,21.23651383559445,5,124531933,A,T,0.1687346141156764,39403,rs12516529,0.0347,0.0329,0.2923,0.1864,A,T,True,False,True
7:109651711:T:G,G,0.0144837,1160.43,False,39403,1141.4,1114.49,-0.0145315,0.00315422,-4.60699,4.09811e-06,21.22447371307096,7,109651711,T,G,0.014483668756186,39403,rs189945965,-0.0871,0.1268,0.4919,0.013299999999999979,T,G,True,False,False
17:20735940:A:G,G,0.0281517,2255.51,False,39403,2218.52,2175.07,-0.0106493,0.00231681,-4.59655,4.30877e-06,21.128140936908583,17,20735940,A,G,0.0281516635789153,39403,rs139399773,0.0153,0.0854,0.8576,0.03090000000000004,A,G,True,False,False
10:98882312:A:G,G,0.0161771,1296.11,False,39403,1274.85,1245.29,-0.0132803,0.00289534,-4.58679,4.51488e-06,21.03859003995172,10,98882312,A,G,0.0161770677359591,39403,rs56313328,-0.0636,0.1079,0.5557,0.01629999999999998,A,G,True,False,False
6:96166558:A:G,G,0.0123695,991.046,False,39403,974.792,951.224,-0.0159672,0.00351624,-4.54098,5.61603e-06,20.620562601289333,6,96166558,A,G,0.0123695150115473,39403,rs4563724,0.1299,0.1221,0.2874,0.014599999999999946,A,G,True,False,False
2:179110697:C:T,T,0.0382331,3063.24,False,39403,3013.0,2957.0,-0.0085095,0.00188369,-4.51747,6.27646e-06,20.407472539275187,2,179110697,C,T,0.0382331294571479,39403,rs72947423,0.1078,0.0784,0.1689,0.0346,T,C,False,False,False
3:148707799:T:C,C,0.0229234,1836.62,False,39403,1806.5,1769.31,-0.0115559,0.00256259,-4.50947,6.51767e-06,20.335239693093325,3,148707799,T,C,0.0229233814684161,39403,rs112613789,0.0438,0.0972,0.6518,0.024800000000000044,T,C,True,False,False
6:148025978:A:C,C,0.0496749,3979.96,False,39403,3914.68,3847.0,-0.00780997,0.001735,-4.50141,6.76971e-06,20.26281470684085,6,148025978,A,C,0.0496748978504174,39403,rs116941679,-0.0266,0.0655,0.6844,0.05410000000000004,A,C,True,False,False
17:80426635:T:C,C,0.0734081,5881.46,False,39403,5785.0,5691.0,-0.00625573,0.00139198,-4.49411,7.00591e-06,20.19714584257212,17,80426635,T,C,0.0734081161332893,39403,rs2306752,0.0918,0.0413,0.02608,0.07799999999999996,T,C,True,False,False
9:13865616:C:G,G,0.107779,8635.25,False,39403,8493.63,8365.7,-0.00524743,0.00117005,-4.48481,7.3185e-06,20.11335254026548,9,13865616,C,G,0.1077789762200847,39403,rs12001967,0.0365,0.04,0.3608,0.11480000000000001,C,G,True,False,True
4:93339183:C:T,T,0.0180321,1444.73,False,39403,1421.04,1390.03,-0.0124948,0.00280026,-4.46202,8.14169e-06,19.909571091658616,4,93339183,C,T,0.0180321295332842,39403,rs141788353,-0.0068,0.0947,0.9429,0.022,T,C,False,False,False
10:34171746:T:C,C,0.499347,40007.7,False,39403,39351.5,39005.2,0.00323425,0.000724978,4.46116,8.17417e-06,19.90203648576706,10,34171746,T,C,0.4993464964596604,39403,rs1331682,-0.0129,0.0252,0.6077,0.4969,T,C,True,False,False
10:126059481:C:T,T,0.0195923,1569.74,False,39403,1543.99,1511.78,-0.0124431,0.00279095,-4.45837,8.28121e-06,19.877102189361583,10,126059481,C,T,0.0195922899271629,39403,rs72835549,0.1846,0.097,0.05707,0.0221,T,C,False,False,False
1:191129513:C:T,T,0.0173299,1388.47,False,39403,1365.7,1335.2,-0.012657,0.00284165,-4.45412,8.44714e-06,19.839027923347164,1,191129513,C,T,0.0173298987386747,39403,rs143204777,0.1651,0.1058,0.1185,0.0178,T,C,False,False,False
7:2613424:T:G,T,0.398171,31901.5,False,39403,47427.7,46994.3,0.00327021,0.000738414,4.42869,9.50614e-06,19.61333472815372,7,2613424,T,G,0.6018285409740375,39403,rs2917750,0.0032,0.0231,0.8905,0.5942000000000001,T,G,True,False,False
10:95456048:C:T,T,0.0192083,1538.97,False,39403,1513.73,1481.46,-0.0120664,0.00273036,-4.41936,9.92561e-06,19.53060111893018,10,95456048,C,T,0.0192083090120041,39403,rs77797586,0.1223,0.0897,0.1727,0.0196,T,C,False,False,False
