"rsid","chrom","pos","effect_allele","other_allele","eaf","beta","se","pval","F","n","variant","beta_outcome","se_outcome","p_outcome","eaf_outcome_aligned","outcome_effect_allele_raw","outcome_other_allele_raw","flip_outcome","strand_action","egger_reoriented"
"rs3742829",14,73489268,"C","T",0.804565,0.00578064,0.00118252,1.01984e-06,23.8965308880872,48638,"14:73489268:C:T",-0.0063,0.0296,0.8326,0.8015,"T","C","False","same",TRUE
"rs17273402",16,13561674,"T","A",0.0163596,0.0180308,0.0037143,1.21102e-06,23.5654661874263,48638,"16:13561674:A:T",0.0131,0.1134,0.9079,0.0163,"A","T","True","same",FALSE
"rs72644445",4,67442659,"G","A",0.0462396,0.0108116,0.00224092,1.40692e-06,23.2770121821044,48638,"4:67442659:A:G",-0.0097,0.0709,0.8912,0.0501,"A","G","True","same",FALSE
"rs3906777",13,80610306,"T","C",0.555438,0.00457618,0.000951132,1.50402e-06,23.1485936111885,48638,"13:80610306:C:T",-0.003,0.0275,0.9143,0.5471,"T","C","True","same",TRUE
"rs148053581",6,11933531,"G","C",0.0150807,0.0205387,0.00427104,1.52265e-06,23.1248340720283,48638,"6:11933531:C:G",-0.1627,0.1652,0.3247,0.0123,"C","G","True","same",FALSE
"rs41306215",1,201852688,"G","A",0.0339755,0.0123184,0.00259547,2.07941e-06,22.5256108882062,48638,"1:201852688:A:G",-0.1927,0.0962,0.0452,0.0309,"A","G","True","same",FALSE
"rs11631969",15,69060925,"C","G",0.897993,0.00732577,0.00157101,3.12318e-06,21.744461651869,48638,"15:69060925:G:C",0.0216,0.0504,0.6675,0.8921,"C","G","True","same",TRUE
"rs7932644",11,97485630,"T","C",0.392303,0.00447669,0.000961342,3.22155e-06,21.6849392582624,48638,"11:97485630:C:T",-0.0127,0.028,0.6496,0.3814,"T","C","False","same",FALSE
"rs147736861",16,30348252,"A","G",0.0315198,0.0129149,0.00289113,7.94695e-06,19.9547759134045,48638,"16:30348252:G:A",0.1682,0.0782,0.03151,0.0354,"A","G","False","same",FALSE
"rs111993773",3,32237459,"A","G",0.0363343,0.011239,0.0025216,8.32669e-06,19.865657829299,48638,"3:32237459:G:A",-0.1412,0.0746,0.05846,0.0426,"A","G","False","same",FALSE
"rs17301663",5,81164301,"T","C",0.0247337,0.013518,0.00304104,8.80069e-06,19.7597123890362,48638,"5:81164301:C:T",-0.0473,0.0956,0.6209,0.0251,"T","C","False","same",FALSE
"rs988032",4,189666512,"G","A",0.129487,0.00622185,0.00139996,8.83717e-06,19.7518518358687,48638,"4:189666512:G:A",0.0056,0.0427,0.8958,0.1239,"A","G","True","same",FALSE
"rs139241345",2,52182645,"G","A",0.0140797,0.0185748,0.00418956,9.28767e-06,19.6567386584285,48638,"2:52182645:A:G",-0.1617,0.1155,0.1613,0.0208,"A","G","True","same",FALSE
"rs73153010",22,18535522,"A","G",0.0153451,0.0171856,0.00387667,9.30921e-06,19.6522251739502,48638,"22:18535522:G:A",-0.008,0.1409,0.955,0.0135,"A","G","False","same",FALSE
"rs143564340",4,39444129,"T","C",0.0423067,0.0103835,0.0023452,9.55051e-06,19.603235779199,48638,"4:39444129:C:T",-0.0189,0.066,0.7752,0.0369,"T","C","False","same",FALSE
"rs1257368",2,134854362,"G","T",0.9726468,0.0131433,0.00296959,9.62205e-06,19.5891619950554,48638,"2:134854362:G:T",0.2066,0.1056,0.0505,0.9746,"T","G","False","same",TRUE
