"rsid","chrom","pos","effect_allele","other_allele","eaf","beta","se","pval","F","n","variant","beta_outcome","se_outcome","eaf_outcome_aligned","flip_outcome","strand_action","egger_reoriented"
"rs11707566",3,8718745,"A","G",0.0872966,0.0163956,0.00303812,6.82899e-08,29.1235814806278,39503,"3:8718745:G:A",-0.0676,0.0503,0.0841,"False","same",FALSE
"rs115713804",1,81559438,"T","A",0.0179028,0.0304613,0.00633776,1.54301e-06,23.1007079333923,39503,"1:81559438:A:T",0.0911,0.0899,0.0246,"True","same",FALSE
"rs5767992",22,48188253,"C","T",0.872063,0.0117018,0.00251329,3.23469e-06,21.678046113658,39503,"22:48188253:T:C",-0.0217,0.0386,0.8746,"False","same",TRUE
"rs2815556",10,27974248,"G","A",0.0140938,0.0335158,0.00722171,3.47889e-06,21.5386803536648,39503,"10:27974248:A:G",-0.1253,0.1161,0.0153,"True","same",FALSE
"rs113912338",4,38962563,"T","C",0.052029,0.0174988,0.00378631,3.8201e-06,21.359161425249,39503,"4:38962563:C:T",-0.0642,0.061,0.0521,"False","same",FALSE
"rs118118095",8,87933975,"C","T",0.0228643,0.026527,0.00581031,4.99775e-06,20.8438369162186,39503,"8:87933975:T:C",-0.1399,0.087,0.029,"True","same",FALSE
"rs11645116",16,26270961,"G","A",0.0151065,0.0318005,0.00697619,5.16891e-06,20.7793183283976,39503,"16:26270961:A:G",0.0894,0.0977,0.0189,"True","same",FALSE
"rs150804886",7,38398135,"G","T",0.0179143,0.0294281,0.00646701,5.36797e-06,20.7070094313876,39503,"7:38398135:T:G",-0.0773,0.1026,0.0204,"True","same",FALSE
"rs12932661",16,25658719,"A","G",0.087345,0.0134844,0.00298312,6.19484e-06,20.43251405077,39503,"16:25658719:G:A",-0.0295,0.044,0.092,"False","same",FALSE
"rs79851893",2,1379427,"A","G",0.0870187,0.0133452,0.00296887,6.97566e-06,20.2054166850976,39503,"2:1379427:G:A",0.0481,0.0485,0.0835,"False","same",FALSE
"rs9935658",16,84052651,"A","C",0.944751,0.016422,0.00366276,7.363e-06,20.1018102943288,39503,"16:84052651:A:C",-0.0983,0.0559,0.9404,"True","same",TRUE
"rs12757858",1,186774893,"T","C",0.806828,0.00952561,0.00212927,7.71093e-06,20.0135496359932,39503,"1:186774893:T:C",-0.0099,0.0324,0.8044,"True","same",TRUE
"rs67001072",1,244977407,"C","A",0.17663,0.0103187,0.0023084,7.84223e-06,19.9814886718111,39503,"1:244977407:A:C",-0.0232,0.0418,0.1791,"True","same",FALSE
"rs112707229",18,156976,"G","A",0.9496565,0.0171861,0.00386821,8.8994e-06,19.7394288440036,39503,"18:156976:G:A",-0.0335,0.0754,0.9538,"False","same",TRUE
"rs16944713",15,62389478,"T","C",0.164302,0.010034,0.00226039,9.06091e-06,19.7052268441057,39503,"15:62389478:C:T",-0.0136,0.0304,0.152,"False","same",FALSE
